n1,n2,n3,j0,xsection,xsectionerr,nevents
150.0,250.0,350.0,50.0,0.005297,3.838e-05,500
510.0,610.0,710.0,410.0,0.07187,0.001034,500
810.0,910.0,1010.0,710.0,0.2092,0.002389,500
1110.0,1210.0,1310.0,1010.0,0.369,0.0036869999999999997,500
2000.0,2100.0,2200.0,1900.0,0.7094,0.008327,500
